risk_lambda,status,status_name,objective_value,expected_profit,portfolio_risk,nonzero_planting_decisions,log_file
0.0,gaplimit,GAPLIMIT,61009169.14475525,61009169.144755244,20538.2957479332,756,D:\Python\Kaggle\MCM\practice-cumcm-2024-c\outputs\pareto\scip_logs\miqp_lambda_0.00.log
0.1,gaplimit,GAPLIMIT,61097588.4904185,61099642.362951286,20538.725327838347,765,D:\Python\Kaggle\MCM\practice-cumcm-2024-c\outputs\pareto\scip_logs\miqp_lambda_0.10.log
0.2,gaplimit,GAPLIMIT,61069675.536598146,61073785.784394346,20551.23898125651,775,D:\Python\Kaggle\MCM\practice-cumcm-2024-c\outputs\pareto\scip_logs\miqp_lambda_0.20.log
0.3,gaplimit,GAPLIMIT,61084260.66669733,61090423.49350308,20542.756019391818,774,D:\Python\Kaggle\MCM\practice-cumcm-2024-c\outputs\pareto\scip_logs\miqp_lambda_0.30.log
0.4,gaplimit,GAPLIMIT,61099199.83825294,61107421.328007184,20553.72438570925,771,D:\Python\Kaggle\MCM\practice-cumcm-2024-c\outputs\pareto\scip_logs\miqp_lambda_0.40.log
0.5,gaplimit,GAPLIMIT,61020652.976559736,61030928.2850209,20550.61692234814,759,D:\Python\Kaggle\MCM\practice-cumcm-2024-c\outputs\pareto\scip_logs\miqp_lambda_0.50.log
0.6,gaplimit,GAPLIMIT,60883562.86850704,60895860.76388706,20496.492300112095,742,D:\Python\Kaggle\MCM\practice-cumcm-2024-c\outputs\pareto\scip_logs\miqp_lambda_0.60.log
0.7,gaplimit,GAPLIMIT,61069329.97461121,61083694.463236324,20520.69803593404,762,D:\Python\Kaggle\MCM\practice-cumcm-2024-c\outputs\pareto\scip_logs\miqp_lambda_0.70.log
0.8,gaplimit,GAPLIMIT,61009786.70081839,61026196.85356317,20512.69093100257,761,D:\Python\Kaggle\MCM\practice-cumcm-2024-c\outputs\pareto\scip_logs\miqp_lambda_0.80.log
0.9,gaplimit,GAPLIMIT,61092898.143995844,61111381.2583332,20536.793708195622,766,D:\Python\Kaggle\MCM\practice-cumcm-2024-c\outputs\pareto\scip_logs\miqp_lambda_0.90.log
1.0,gaplimit,GAPLIMIT,61036365.921668984,61056904.147602364,20538.225933424103,756,D:\Python\Kaggle\MCM\practice-cumcm-2024-c\outputs\pareto\scip_logs\miqp_lambda_1.00.log
1.1,gaplimit,GAPLIMIT,60945909.490907036,60968478.117664605,20516.933416026484,772,D:\Python\Kaggle\MCM\practice-cumcm-2024-c\outputs\pareto\scip_logs\miqp_lambda_1.10.log
1.2,gaplimit,GAPLIMIT,61100271.24862919,61124953.14596156,20568.24777699228,759,D:\Python\Kaggle\MCM\practice-cumcm-2024-c\outputs\pareto\scip_logs\miqp_lambda_1.20.log
1.3,gaplimit,GAPLIMIT,60999194.31295726,61025888.79436169,20534.21646497912,744,D:\Python\Kaggle\MCM\practice-cumcm-2024-c\outputs\pareto\scip_logs\miqp_lambda_1.30.log
1.4,gaplimit,GAPLIMIT,61049439.79042264,61078192.44044238,20537.607157010425,765,D:\Python\Kaggle\MCM\practice-cumcm-2024-c\outputs\pareto\scip_logs\miqp_lambda_1.40.log
1.5,gaplimit,GAPLIMIT,61064057.15633988,61094856.79671998,20533.093586757703,754,D:\Python\Kaggle\MCM\practice-cumcm-2024-c\outputs\pareto\scip_logs\miqp_lambda_1.50.log
1.6,gaplimit,GAPLIMIT,61075947.396462604,61108834.19977874,20554.252072598123,759,D:\Python\Kaggle\MCM\practice-cumcm-2024-c\outputs\pareto\scip_logs\miqp_lambda_1.60.log
1.7,gaplimit,GAPLIMIT,60974078.079329,61009027.571124755,20558.524585748386,767,D:\Python\Kaggle\MCM\practice-cumcm-2024-c\outputs\pareto\scip_logs\miqp_lambda_1.70.log
1.8,gaplimit,GAPLIMIT,61088706.46246138,61125680.77232088,20541.28325529287,762,D:\Python\Kaggle\MCM\practice-cumcm-2024-c\outputs\pareto\scip_logs\miqp_lambda_1.80.log
1.9,gaplimit,GAPLIMIT,61055006.093207724,61094080.607247256,20565.533705035585,764,D:\Python\Kaggle\MCM\practice-cumcm-2024-c\outputs\pareto\scip_logs\miqp_lambda_1.90.log
2.0,gaplimit,GAPLIMIT,61055645.75624327,61096696.300403774,20525.272080263847,760,D:\Python\Kaggle\MCM\practice-cumcm-2024-c\outputs\pareto\scip_logs\miqp_lambda_2.00.log
