,Soybean,Black Bean,Red Bean,Mung Bean,Climbing Bean,Wheat,Corn,Millet,Sorghum,Foxtail Millet,Buckwheat,Pumpkin,Sweet Potato,Oat,Barley,Rice,Cowpea,Sword Bean,Kidney Bean,Potato,Tomato,Eggplant,Spinach,Bell Peppe,Cauliflower,Cabbage,Tatsoi,Bok Choy,Cucumber,Lettuce,Chili Pepper,Water Spinach,Yellow-Centered Cabbage,Celery,Chinese Cabbage,White Radish,Red Radish,Golden Oyster Mushroom,Shiitake Mushroom,White Mushroom,Morel
Soybean,0.0004023901535877822,0.000297808325383544,0.0002847325442840045,0.00028122185528452263,0.00028512736292217087,0.0002387792432463578,0.0002428976535108956,0.00024845437228011413,0.0002490172838972328,0.0002511851242029451,0.00023656987822311785,0.00024192600459863343,0.0002441939830036796,0.0002486138454275723,0.0002434926740444023,0.0002479732440222316,-0.00012723270778763757,-0.00011605882312815837,-0.00010705407177547567,-0.00010921137768575341,-0.00011500708876423022,-8.098953419416993e-05,-7.70526441010384e-05,-9.589732860188536e-05,-8.809099777369436e-05,-8.724005151070417e-05,-9.699947144144217e-05,-9.156206051343278e-05,-0.0001291895916009141,-0.0001066151021010007,-8.886680703472801e-05,-8.671739120124523e-05,-8.256251249339401e-05,-0.00010317133795984649,-0.0001076946573408782,-8.669674965043094e-05,-0.00010604078207568451,2.6442754306970816e-05,3.632691495855755e-05,1.979704667604193e-05,2.5521026664691578e-05
Black Bean,0.000297808325383544,0.0004294540154512802,0.00029740524807777636,0.00029832918739381987,0.0002928183295733108,0.00026012848489621795,0.0002594832179529593,0.00025751948518703275,0.00026232167762904515,0.00026487895409573966,0.00025864987609469593,0.0002629504992577245,0.0002629888263103876,0.0002669325426238761,0.0002574232072829649,0.00025960453418071185,-0.00011625184221184022,-0.0001269703427060002,-0.00013415428898217607,-0.00011090706506343356,-0.00011163607223348681,-9.976693301436106e-05,-8.580090579991225e-05,-8.99438067284077e-05,-9.128758577216586e-05,-9.628945691448795e-05,-0.00010549558258210764,-0.00010038221884153761,-0.0001318036343197736,-0.00010905469398347925,-8.856806363933001e-05,-9.423872851667911e-05,-0.0001026161843093028,-9.688126179801393e-05,-0.00010249304029930032,-9.031820302728842e-05,-9.590843001816197e-05,5.493110450593631e-05,6.0576533161265765e-05,4.575300280671667e-05,3.432331349227879e-05
Red Bean,0.0002847325442840045,0.00029740524807777636,0.0004085787631437637,0.0002797182891868964,0.00028162286425136897,0.0002448510506942476,0.00024238540350702986,0.00024874121453991564,0.0002549051310690507,0.00024469100758535975,0.00024085757861204245,0.0002461158742441624,0.00024038081627103977,0.0002464119466109719,0.00023955227033966022,0.0002394207935988768,-0.0001246238039428013,-0.0001258769203800499,-0.0001205253538420561,-9.117359097937557e-05,-0.00010424257903831549,-7.71070369812311e-05,-8.415136899883684e-05,-0.00010813180520619469,-6.700423619299557e-05,-8.355457318081739e-05,-0.00011058178355679833,-7.826299820914855e-05,-0.00011561288556165685,-0.00010891573889508956,-6.679488399752634e-05,-6.673613715121521e-05,-9.05416068103548e-05,-7.785228889424532e-05,-0.00011379590273555047,-0.0001070608803332526,-7.656690053556035e-05,2.000451722351483e-05,5.1491176081554494e-05,2.9199353668112848e-05,1.740273551543039e-05
Mung Bean,0.00028122185528452263,0.00029832918739381987,0.0002797182891868964,0.000385587948340104,0.0002789024355930711,0.00023718457772514757,0.0002429082364734049,0.00023432605873413816,0.00023757255008845986,0.00023926662177947594,0.00023469817754165855,0.0002335589928716325,0.0002377268196816107,0.00024193852252424653,0.00023408680902918782,0.00023397389384470466,-0.0001131489968394277,-0.00010851065919606253,-0.00010510788154069052,-9.391919750127168e-05,-0.00010306740286668774,-7.615390431378718e-05,-6.963529578302847e-05,-8.072864793177238e-05,-7.099369170542422e-05,-6.409363617102951e-05,-0.00010904770300562543,-7.809150473093876e-05,-0.00012046509928706896,-9.7683710689652e-05,-9.29709282237601e-05,-8.788528339003833e-05,-8.258985929402076e-05,-9.039413415881462e-05,-0.00011910730214504864,-8.132309029492484e-05,-8.109771953570446e-05,1.8240583461861885e-05,1.6913302466914256e-05,2.2406611030394537e-05,-6.253090524755755e-07
Climbing Bean,0.00028512736292217087,0.0002928183295733108,0.00028162286425136897,0.0002789024355930711,0.0003929003286343013,0.00023855218548789813,0.0002378124440617115,0.00023877535777411596,0.0002448315640957138,0.0002413409002644902,0.0002386056150896706,0.00023914470898404544,0.0002379607508132795,0.00024159197683121266,0.00023610295295086104,0.00024258432790903278,-0.00011361182989890937,-0.00013217818632687203,-0.00010154800067153422,-0.00010302335469790866,-9.862522965237777e-05,-8.095260317990245e-05,-7.244698229573663e-05,-8.271939629493386e-05,-6.93899435040805e-05,-7.922301336910515e-05,-9.263138554058305e-05,-8.364910470829337e-05,-9.243563978494343e-05,-9.321250233900461e-05,-5.904997842826322e-05,-6.980523686509484e-05,-6.851610762968539e-05,-6.796367888537255e-05,-0.00011053046935686352,-6.641987326451952e-05,-8.690426196197209e-05,1.3792665321384648e-05,3.7903160542444206e-05,3.0329025298750413e-05,-5.396641903200678e-06
Wheat,0.0002387792432463578,0.00026012848489621795,0.0002448510506942476,0.00023718457772514757,0.00023855218548789813,0.0004250963688748596,0.0003129800427996934,0.0003158133051995954,0.0003140160809695194,0.00030513213635590335,0.00030296544434483305,0.00031046232723139927,0.00030531101516272053,0.000312291756893186,0.00030669593318303747,0.00031367748686652886,-0.00012777348536392947,-0.00013605229935925026,-0.0001227490327408596,-0.00014967974056700965,-0.00015094712773220542,-8.336017912248349e-05,-9.757319817585059e-05,-0.00012345417408562528,-9.497784469816379e-05,-0.00010405360224255616,-0.00011965553768117609,-0.0001009685764665244,-0.00013699902948504525,-0.00011329301144948485,-9.119273368861026e-05,-0.0001258967963625296,-9.493655080059127e-05,-0.00012245765770934862,-9.925523303213726e-05,-8.507168142645881e-05,-9.907807937823985e-05,5.079018873284101e-05,5.817527267506351e-05,4.6812775771595954e-05,9.978379627947098e-06
Corn,0.0002428976535108956,0.0002594832179529593,0.00024238540350702986,0.0002429082364734049,0.0002378124440617115,0.0003129800427996934,0.0004445159437493674,0.0003222495772069015,0.0003310796873644352,0.0003183363848917435,0.0003002696373129054,0.0003062686248211896,0.0003095207400261953,0.0003116132791820448,0.0003155199806600616,0.00031671955286991443,-9.434498166743647e-05,-0.00010488295013933639,-0.00010362662660454974,-0.00010920152196315996,-0.00011469965599648561,-7.07540683091803e-05,-7.827186875228353e-05,-0.00010403422708591077,-9.394850160537832e-05,-7.357841604255951e-05,-8.271862481149462e-05,-7.313640867460194e-05,-0.0001023009649398196,-6.705598827349883e-05,-6.908303327352914e-05,-6.573037895641537e-05,-6.217359456529571e-05,-7.650181953984254e-05,-9.046448612158664e-05,-6.382489403004512e-05,-8.825329391539775e-05,5.547194708925439e-05,7.321842017939131e-05,5.1191010798638586e-05,5.2822568755832595e-05
Millet,0.00024845437228011413,0.00025751948518703275,0.00024874121453991564,0.00023432605873413816,0.00023877535777411596,0.0003158133051995954,0.0003222495772069015,0.00044415247132117606,0.0003185953104533071,0.00031065721056784933,0.0002996754614327439,0.00030767831603207625,0.0003087409317617175,0.000309627086907788,0.00030973629521798424,0.00031900559818473083,-0.0001269610569296747,-0.0001389622537057046,-0.00010569551094323628,-0.000144538872022676,-0.00011927045249577573,-7.703931830715226e-05,-9.342504791355682e-05,-0.00012084418999440854,-0.0001167856861274695,-8.460705711888837e-05,-0.00011645917796966169,-9.466576750680638e-05,-0.00013688513788509478,-0.00012395853526328174,-0.00011610485222563147,-0.0001179624727577953,-9.667024213440863e-05,-0.00011022039163621852,-0.00011529109623752104,-9.28897554118594e-05,-0.00010366132402790842,3.644436842357618e-05,4.913541229103522e-05,2.242728968598854e-05,-7.461419204397805e-06
Sorghum,0.0002490172838972328,0.00026232167762904515,0.0002549051310690507,0.00023757255008845986,0.0002448315640957138,0.0003140160809695194,0.0003310796873644352,0.0003185953104533071,0.00044641216011440387,0.00032087802220958614,0.0003048985291971693,0.00031613065964887927,0.0003110422433017682,0.00031717846551058125,0.0003168959325954896,0.000326542977790792,-0.00011005661504274948,-0.00010700213140500659,-0.00010176314136692328,-0.00013980079046980228,-0.00012841361477008834,-0.00010647040089823966,-8.097115424717523e-05,-0.0001447478239064236,-8.786240736077244e-05,-9.142616446208073e-05,-0.00011345818044758741,-7.600441547338485e-05,-0.00012501392123803718,-0.00010984073343959112,-7.852772419644927e-05,-0.00012023486217191383,-9.710081760609662e-05,-0.00011412028856084943,-0.00010642194264948876,-6.892789402154661e-05,-0.00011177917781132667,2.922647081350305e-05,5.8024332169447884e-05,2.799353108209579e-05,-3.07815693573161e-06
Foxtail Millet,0.0002511851242029451,0.00026487895409573966,0.00024469100758535975,0.00023926662177947594,0.0002413409002644902,0.00030513213635590335,0.0003183363848917435,0.00031065721056784933,0.00032087802220958614,0.0004186508704009131,0.00029649018097894586,0.00029986241120620095,0.00030979752841907087,0.0003088932514777621,0.00030306949813751604,0.0003139722360695879,-0.00011956003922421022,-0.00012645602441536545,-0.00011573862498629043,-0.0001341702444928217,-0.00012857015348211626,-0.00010581001558248,-9.11172158068483e-05,-0.00012986701525377357,-0.00010830214065414693,-8.769514193892475e-05,-0.00013243378033062192,-0.00010479504108700587,-0.0001298414251029573,-0.00011008482990663353,-0.00011058279489776548,-0.000114493789360757,-9.190417507694683e-05,-9.972946505157137e-05,-0.00010754018919204242,-9.166233291010847e-05,-0.00011325937586817489,6.053494257813883e-05,7.378629310880722e-05,3.754509352657304e-05,4.731393825915524e-05
Buckwheat,0.00023656987822311785,0.00025864987609469593,0.00024085757861204245,0.00023469817754165855,0.0002386056150896706,0.00030296544434483305,0.0003002696373129054,0.0002996754614327439,0.0003048985291971693,0.00029649018097894586,0.00040158728136582584,0.0002897073758440044,0.00029428961969217495,0.00031150207895408054,0.000290201436978366,0.00030189516383333746,-0.0001107756599602489,-0.00012967591505430814,-0.00012340371655469038,-0.00010850974451383573,-0.00012440552031309842,-7.293013995521831e-05,-7.86195107484274e-05,-0.00013131207243992604,-0.00010183814472093699,-8.773113123782463e-05,-0.00011685343550888525,-9.536346800758607e-05,-0.00011230703804742495,-9.95300237920559e-05,-9.06855654983246e-05,-0.00011004168961188756,-0.00010323757527437992,-0.0001060254490761851,-0.00010464579530862741,-9.734412356552555e-05,-7.626328124214544e-05,5.971116126160778e-05,7.493345374498913e-05,5.744533223074322e-05,3.072793281224068e-05
Pumpkin,0.00024192600459863343,0.0002629504992577245,0.0002461158742441624,0.0002335589928716325,0.00023914470898404544,0.00031046232723139927,0.0003062686248211896,0.00030767831603207625,0.00031613065964887927,0.00029986241120620095,0.0002897073758440044,0.0004259833741718356,0.0003042153201256775,0.0003078164716873437,0.00031108004281845124,0.00030786438319871937,-0.0001241483894858354,-0.00013511239476636196,-0.00011194847647125959,-0.00012549881163545682,-0.00011127540962259967,-7.025883633915385e-05,-7.470044894768115e-05,-0.00012497883303352208,-8.823796258109521e-05,-8.68708348306773e-05,-0.00010562460173101391,-7.948157282178799e-05,-0.00013913330459139998,-9.357315497427733e-05,-7.414639906332007e-05,-0.00010680659881203188,-8.724429464160576e-05,-0.00011332743098555281,-0.0001133236339099587,-6.0528506781633565e-05,-0.00010501729329466538,6.445105876937847e-05,7.54720109378963e-05,5.529187971533911e-05,2.0211588995420796e-05
Sweet Potato,0.0002441939830036796,0.0002629888263103876,0.00024038081627103977,0.0002377268196816107,0.0002379607508132795,0.00030531101516272053,0.0003095207400261953,0.0003087409317617175,0.0003110422433017682,0.00030979752841907087,0.00029428961969217495,0.0003042153201256775,0.0004170328531421081,0.00030998595221744767,0.0003044055190197694,0.0003109390581135093,-0.00012180783955025247,-0.00011493809977421594,-0.00010183532748630803,-0.00012358756581526225,-0.00012455935911998112,-6.884049471045053e-05,-7.128985753402339e-05,-0.00010480360965291255,-8.567673168495485e-05,-8.367902524830603e-05,-0.00010032858841181987,-6.37297262853226e-05,-9.928408646347099e-05,-0.00010160463508754314,-8.150419101171114e-05,-0.00010040175307459089,-6.400665157624441e-05,-0.00010367454537322999,-9.139625266036675e-05,-6.483814680654574e-05,-9.390898258837434e-05,6.435751455570766e-05,7.985680271840642e-05,5.5439564848855706e-05,3.289212855070919e-05
Oat,0.0002486138454275723,0.0002669325426238761,0.0002464119466109719,0.00024193852252424653,0.00024159197683121266,0.000312291756893186,0.0003116132791820448,0.000309627086907788,0.00031717846551058125,0.0003088932514777621,0.00031150207895408054,0.0003078164716873437,0.00030998595221744767,0.0004296621635239789,0.0003092520629838507,0.0003141216518922126,-0.00010303720669947131,-0.00010783643063128468,-0.00010798033475186066,-0.00011298244560183996,-0.000134919223261263,-7.001550322914482e-05,-6.469525419507374e-05,-0.00011230569639372965,-8.65959700604389e-05,-8.602104612330593e-05,-0.0001156875401355252,-8.694612907664024e-05,-0.00011232780775472682,-7.666033288630628e-05,-7.399376016766869e-05,-0.00010354822311514908,-8.15572773857099e-05,-9.933354739833354e-05,-9.152842693431541e-05,-8.40897020943444e-05,-8.897510933071761e-05,6.371140701265943e-05,7.586067742601174e-05,5.128469536980355e-05,2.8943979949846835e-05
Barley,0.0002434926740444023,0.0002574232072829649,0.00023955227033966022,0.00023408680902918782,0.00023610295295086104,0.00030669593318303747,0.0003155199806600616,0.00030973629521798424,0.0003168959325954896,0.00030306949813751604,0.000290201436978366,0.00031108004281845124,0.0003044055190197694,0.0003092520629838507,0.00042620759851882717,0.0003124071271253338,-0.00010254214143003147,-0.00013557773363488681,-0.00011990520815619679,-0.00011949035470932004,-0.00013709401309027215,-7.952966387025673e-05,-6.911151260038285e-05,-0.00011412252945401634,-9.580937047066993e-05,-7.597738862638153e-05,-0.00010256444691836302,-8.759700930800373e-05,-0.00011827796119574644,-9.530026506398672e-05,-7.760222839369474e-05,-0.00011472747328865848,-6.978973406176192e-05,-0.00012722147806791399,-0.00011697344595080915,-8.564310864325882e-05,-0.00011546991712417091,4.880698763405407e-05,4.710031855647749e-05,5.09704362116073e-05,1.854579026793782e-05
Rice,0.0002479732440222316,0.00025960453418071185,0.0002394207935988768,0.00023397389384470466,0.00024258432790903278,0.00031367748686652886,0.00031671955286991443,0.00031900559818473083,0.000326542977790792,0.0003139722360695879,0.00030189516383333746,0.00030786438319871937,0.0003109390581135093,0.0003141216518922126,0.0003124071271253338,0.00043579051398909345,-9.535477570615547e-05,-9.134378518322558e-05,-9.513992518095862e-05,-0.00012707539629684315,-9.241419039956695e-05,-5.7229164244492746e-05,-5.4446260819704024e-05,-8.43274068700314e-05,-6.097546682041655e-05,-6.23446409896194e-05,-0.0001160304335693731,-5.659140001580781e-05,-0.00010294491187707222,-7.91112959475212e-05,-5.6667891645881225e-05,-7.626107147966482e-05,-7.206986290784177e-05,-7.415006807766739e-05,-7.365652381683293e-05,-5.3259457202545455e-05,-8.589943533468774e-05,4.161205935805036e-05,5.5286382861237646e-05,5.907677031444755e-05,2.999184568490133e-05
Cowpea,-0.00012723270778763757,-0.00011625184221184022,-0.0001246238039428013,-0.0001131489968394277,-0.00011361182989890937,-0.00012777348536392947,-9.434498166743647e-05,-0.0001269610569296747,-0.00011005661504274948,-0.00011956003922421022,-0.0001107756599602489,-0.0001241483894858354,-0.00012180783955025247,-0.00010303720669947131,-0.00010254214143003147,-9.535477570615547e-05,0.002543189923692214,0.0017952999651062618,0.0018017389633761729,0.0014558381996828923,0.0014645098386686876,0.0014491595578784366,0.001464026507193895,0.0014674360374460774,0.0014862006601329331,0.0015728508355591622,0.0013893008313194902,0.001495704828352046,0.0015376897307666294,0.0014189438338091953,0.001421829409642206,0.001454208178556708,0.0014156352576217912,0.001422974968432649,0.0014692916469738982,0.001429912178089942,0.0014206666117139487,9.046144423088748e-05,6.996207969270298e-05,0.00012069834914198815,0.00015425606410406052
Sword Bean,-0.00011605882312815837,-0.0001269703427060002,-0.0001258769203800499,-0.00010851065919606253,-0.00013217818632687203,-0.00013605229935925026,-0.00010488295013933639,-0.0001389622537057046,-0.00010700213140500659,-0.00012645602441536545,-0.00012967591505430814,-0.00013511239476636196,-0.00011493809977421594,-0.00010783643063128468,-0.00013557773363488681,-9.134378518322558e-05,0.0017952999651062618,0.002376284634480993,0.0017550583432219572,0.001434944481136966,0.0014220535534745886,0.001369254795748482,0.001419304952492259,0.001394120851291455,0.001485723776498002,0.0014602823391950761,0.0013399622748188976,0.001420191520081504,0.0015044526446860351,0.0013760377357880996,0.001391530315208537,0.0014401850688883396,0.001388553040836931,0.0014019343594538526,0.0014011498647557561,0.0014404143444519905,0.0013717126979824088,0.00014939005402034937,0.0001133876016048024,0.00016142118329907882,0.00015739676993902242
Kidney Bean,-0.00010705407177547567,-0.00013415428898217607,-0.0001205253538420561,-0.00010510788154069052,-0.00010154800067153422,-0.0001227490327408596,-0.00010362662660454974,-0.00010569551094323628,-0.00010176314136692328,-0.00011573862498629043,-0.00012340371655469038,-0.00011194847647125959,-0.00010183532748630803,-0.00010798033475186066,-0.00011990520815619679,-9.513992518095862e-05,0.0018017389633761729,0.0017550583432219572,0.002516117737363851,0.0014317315625016125,0.0013527782287415357,0.0013983653436383475,0.0014190209209731797,0.0013764844793221732,0.0014862757767209764,0.0014442950279094046,0.0013769707430283148,0.0014019658263569146,0.001515616975655674,0.00135453401074405,0.0013278653387276663,0.0013769594750657399,0.0013927889020110347,0.001317934633539871,0.0014318376167946243,0.0013456345788226522,0.0013830275774417457,0.00012535708414955225,9.554691163615117e-05,0.00011902547636412961,0.0001123984359835285
Potato,-0.00010921137768575341,-0.00011090706506343356,-9.117359097937557e-05,-9.391919750127168e-05,-0.00010302335469790866,-0.00014967974056700965,-0.00010920152196315996,-0.000144538872022676,-0.00013980079046980228,-0.0001341702444928217,-0.00010850974451383573,-0.00012549881163545682,-0.00012358756581526225,-0.00011298244560183996,-0.00011949035470932004,-0.00012707539629684315,0.0014558381996828923,0.001434944481136966,0.0014317315625016125,0.0025688308433638864,0.0018308370904519932,0.0018249672334809607,0.0017780872825947178,0.0017328456589241475,0.0018015172460520486,0.0018041397259794816,0.001769118432930862,0.0018166760501722751,0.0018061019818828858,0.0017569314995712407,0.00179031443831188,0.0018470461711226761,0.0017190263284982857,0.001755939400252954,0.0017499936291783932,0.0017675931661397977,0.0016981423610042642,0.00016126298604144404,0.00011901542267348555,0.00015784993651190326,0.00013857807656188505
Tomato,-0.00011500708876423022,-0.00011163607223348681,-0.00010424257903831549,-0.00010306740286668774,-9.862522965237777e-05,-0.00015094712773220542,-0.00011469965599648561,-0.00011927045249577573,-0.00012841361477008834,-0.00012857015348211626,-0.00012440552031309842,-0.00011127540962259967,-0.00012455935911998112,-0.000134919223261263,-0.00013709401309027215,-9.241419039956695e-05,0.0014645098386686876,0.0014220535534745886,0.0013527782287415357,0.0018308370904519932,0.002553321895787798,0.001804622361046861,0.0017848594807247339,0.001755714567518437,0.0018788673965104044,0.0018258839351455059,0.0017170793069549697,0.001853415156169151,0.0018388400893595226,0.0017641020218564067,0.00184774972587166,0.0018286371081271348,0.0017119276992877295,0.0017679558726990579,0.0017937293630266012,0.0017773379025013518,0.0017561903546529907,0.00017112672805925244,7.519753225203782e-05,0.00011601299500968821,0.00015903434505127174
Eggplant,-8.098953419416993e-05,-9.976693301436106e-05,-7.71070369812311e-05,-7.615390431378718e-05,-8.095260317990245e-05,-8.336017912248349e-05,-7.07540683091803e-05,-7.703931830715226e-05,-0.00010647040089823966,-0.00010581001558248,-7.293013995521831e-05,-7.025883633915385e-05,-6.884049471045053e-05,-7.001550322914482e-05,-7.952966387025673e-05,-5.7229164244492746e-05,0.0014491595578784366,0.001369254795748482,0.0013983653436383475,0.0018249672334809607,0.001804622361046861,0.002503291087037603,0.0017950922733241499,0.0017598073443152625,0.0018414725851858443,0.0018136982646200514,0.001776913926018451,0.0018148241173549713,0.001755589125095342,0.0017602637119558768,0.001765184973733078,0.0017815750043771211,0.0016482878248659809,0.0017111944247118038,0.001777430934842684,0.0017829957444955315,0.0017312806584042282,0.00013967690137821467,0.0001493020456115772,0.00013993644582268734,0.0001653287464495613
Spinach,-7.70526441010384e-05,-8.580090579991225e-05,-8.415136899883684e-05,-6.963529578302847e-05,-7.244698229573663e-05,-9.757319817585059e-05,-7.827186875228353e-05,-9.342504791355682e-05,-8.097115424717523e-05,-9.11172158068483e-05,-7.86195107484274e-05,-7.470044894768115e-05,-7.128985753402339e-05,-6.469525419507374e-05,-6.911151260038285e-05,-5.4446260819704024e-05,0.001464026507193895,0.001419304952492259,0.0014190209209731797,0.0017780872825947178,0.0017848594807247339,0.0017950922733241499,0.0024762590973106376,0.001735226132770016,0.0018064030994599314,0.001850949895207689,0.0017522043554527116,0.0018385992933449714,0.001806351150425655,0.0017728286180125155,0.0017900836695152384,0.0017890184812912378,0.0016888254348999365,0.0017550524620944701,0.001743315579206912,0.001753515361939387,0.0016993575456513057,0.00015610075842839257,0.00015678017674786602,0.00018919836986510966,0.00017541927547811805
Bell Peppe,-9.589732860188536e-05,-8.99438067284077e-05,-0.00010813180520619469,-8.072864793177238e-05,-8.271939629493386e-05,-0.00012345417408562528,-0.00010403422708591077,-0.00012084418999440854,-0.0001447478239064236,-0.00012986701525377357,-0.00013131207243992604,-0.00012497883303352208,-0.00010480360965291255,-0.00011230569639372965,-0.00011412252945401634,-8.43274068700314e-05,0.0014674360374460774,0.001394120851291455,0.0013764844793221732,0.0017328456589241475,0.001755714567518437,0.0017598073443152625,0.001735226132770016,0.002490193910613558,0.001798204480457715,0.0017972472749153943,0.001733385957188301,0.0017841639615058873,0.0017516644732901985,0.0017080623457585398,0.0017368530542638267,0.0017686481663600044,0.001696027378243478,0.0017470819870654551,0.0017904314682160277,0.001729329720506193,0.0017201057543892112,0.00011473435606236175,7.300993542925834e-05,0.00010264980240081886,0.00011606987426616078
Cauliflower,-8.809099777369436e-05,-9.128758577216586e-05,-6.700423619299557e-05,-7.099369170542422e-05,-6.93899435040805e-05,-9.497784469816379e-05,-9.394850160537832e-05,-0.0001167856861274695,-8.786240736077244e-05,-0.00010830214065414693,-0.00010183814472093699,-8.823796258109521e-05,-8.567673168495485e-05,-8.65959700604389e-05,-9.580937047066993e-05,-6.097546682041655e-05,0.0014862006601329331,0.001485723776498002,0.0014862757767209764,0.0018015172460520486,0.0018788673965104044,0.0018414725851858443,0.0018064030994599314,0.001798204480457715,0.002676872309033897,0.0018734357499414387,0.001811959850555633,0.0018715127438576852,0.0018727845108446408,0.0018204179465886863,0.001864725472622588,0.0018568270059641078,0.0017364769424658476,0.0017475965806865868,0.0017878826678093488,0.001834168897619444,0.001791848196135474,0.00021834203184561344,0.00018912110699767165,0.0002099788633825864,0.0002660287592682647
Cabbage,-8.724005151070417e-05,-9.628945691448795e-05,-8.355457318081739e-05,-6.409363617102951e-05,-7.922301336910515e-05,-0.00010405360224255616,-7.357841604255951e-05,-8.460705711888837e-05,-9.142616446208073e-05,-8.769514193892475e-05,-8.773113123782463e-05,-8.68708348306773e-05,-8.367902524830603e-05,-8.602104612330593e-05,-7.597738862638153e-05,-6.23446409896194e-05,0.0015728508355591622,0.0014602823391950761,0.0014442950279094046,0.0018041397259794816,0.0018258839351455059,0.0018136982646200514,0.001850949895207689,0.0017972472749153943,0.0018734357499414387,0.0026044807745597806,0.0017762594402634052,0.0018422634755462085,0.0018266914646908378,0.0018238131990397327,0.0018318074557289357,0.001781057192971498,0.0017487986203146484,0.0018046556539210458,0.0017736457248708737,0.0017913779377547751,0.0017516424850791378,0.00018056387409127255,0.00016133717125103945,0.0001858324315159238,0.0001487853540311278
Tatsoi,-9.699947144144217e-05,-0.00010549558258210764,-0.00011058178355679833,-0.00010904770300562543,-9.263138554058305e-05,-0.00011965553768117609,-8.271862481149462e-05,-0.00011645917796966169,-0.00011345818044758741,-0.00013243378033062192,-0.00011685343550888525,-0.00010562460173101391,-0.00010032858841181987,-0.0001156875401355252,-0.00010256444691836302,-0.0001160304335693731,0.0013893008313194902,0.0013399622748188976,0.0013769707430283148,0.001769118432930862,0.0017170793069549697,0.001776913926018451,0.0017522043554527116,0.001733385957188301,0.001811959850555633,0.0017762594402634052,0.0024392191770473367,0.0018002711908464523,0.001769624126138714,0.0017385423818368077,0.0017503299772434542,0.0017473073173444376,0.0017035628448553136,0.0016960381287067022,0.001720784747400106,0.0017578286249004267,0.0017234112852763661,0.0001389193857790775,0.0001168502711521506,9.913530830704117e-05,0.00014874596695467073
Bok Choy,-9.156206051343278e-05,-0.00010038221884153761,-7.826299820914855e-05,-7.809150473093876e-05,-8.364910470829337e-05,-0.0001009685764665244,-7.313640867460194e-05,-9.466576750680638e-05,-7.600441547338485e-05,-0.00010479504108700587,-9.536346800758607e-05,-7.948157282178799e-05,-6.37297262853226e-05,-8.694612907664024e-05,-8.759700930800373e-05,-5.659140001580781e-05,0.001495704828352046,0.001420191520081504,0.0014019658263569146,0.0018166760501722751,0.001853415156169151,0.0018148241173549713,0.0018385992933449714,0.0017841639615058873,0.0018715127438576852,0.0018422634755462085,0.0018002711908464523,0.002568330052022683,0.0018157706792889486,0.0017818481073225614,0.0019171070249452782,0.001826574835205634,0.001772391925348256,0.0017908327400113116,0.0018302171975977223,0.0017817502155121935,0.0017770794954279513,0.00014857167405690327,0.0001659053464320672,0.00015742767730627454,0.0001791382862880299
Cucumber,-0.0001291895916009141,-0.0001318036343197736,-0.00011561288556165685,-0.00012046509928706896,-9.243563978494343e-05,-0.00013699902948504525,-0.0001023009649398196,-0.00013688513788509478,-0.00012501392123803718,-0.0001298414251029573,-0.00011230703804742495,-0.00013913330459139998,-9.928408646347099e-05,-0.00011232780775472682,-0.00011827796119574644,-0.00010294491187707222,0.0015376897307666294,0.0015044526446860351,0.001515616975655674,0.0018061019818828858,0.0018388400893595226,0.001755589125095342,0.001806351150425655,0.0017516644732901985,0.0018727845108446408,0.0018266914646908378,0.001769624126138714,0.0018157706792889486,0.0026171519799766175,0.001770326037707012,0.0018247438074406074,0.0018492867759460534,0.0017635734826862415,0.0017516228152817117,0.0018481842073129401,0.0017920340871123558,0.0017062471630981222,0.00016189001736812122,0.00011854326527237715,0.00013572738202602367,0.00014825254330619146
Lettuce,-0.0001066151021010007,-0.00010905469398347925,-0.00010891573889508956,-9.7683710689652e-05,-9.321250233900461e-05,-0.00011329301144948485,-6.705598827349883e-05,-0.00012395853526328174,-0.00010984073343959112,-0.00011008482990663353,-9.95300237920559e-05,-9.357315497427733e-05,-0.00010160463508754314,-7.666033288630628e-05,-9.530026506398672e-05,-7.91112959475212e-05,0.0014189438338091953,0.0013760377357880996,0.00135453401074405,0.0017569314995712407,0.0017641020218564067,0.0017602637119558768,0.0017728286180125155,0.0017080623457585398,0.0018204179465886863,0.0018238131990397327,0.0017385423818368077,0.0017818481073225614,0.001770326037707012,0.0024595678289143497,0.001806282693338924,0.0017299753334402413,0.0017262804294141266,0.001767450621035892,0.0017852549972976267,0.00173549360007116,0.0016904626751844526,0.00020002335302773136,0.00011252590920041389,0.00017054789533550748,0.00020178987207610346
Chili Pepper,-8.886680703472801e-05,-8.856806363933001e-05,-6.679488399752634e-05,-9.29709282237601e-05,-5.904997842826322e-05,-9.119273368861026e-05,-6.908303327352914e-05,-0.00011610485222563147,-7.852772419644927e-05,-0.00011058279489776548,-9.06855654983246e-05,-7.414639906332007e-05,-8.150419101171114e-05,-7.399376016766869e-05,-7.760222839369474e-05,-5.6667891645881225e-05,0.001421829409642206,0.001391530315208537,0.0013278653387276663,0.00179031443831188,0.00184774972587166,0.001765184973733078,0.0017900836695152384,0.0017368530542638267,0.001864725472622588,0.0018318074557289357,0.0017503299772434542,0.0019171070249452782,0.0018247438074406074,0.001806282693338924,0.0025458316322931763,0.0017957412213291308,0.001735671852249568,0.001752239079918583,0.0018131149976995918,0.0017661693033097922,0.0017489932513869162,0.00013040743474044536,0.00011432971950182122,0.00013007537347069418,0.00011005564260259729
Water Spinach,-8.671739120124523e-05,-9.423872851667911e-05,-6.673613715121521e-05,-8.788528339003833e-05,-6.980523686509484e-05,-0.0001258967963625296,-6.573037895641537e-05,-0.0001179624727577953,-0.00012023486217191383,-0.000114493789360757,-0.00011004168961188756,-0.00010680659881203188,-0.00010040175307459089,-0.00010354822311514908,-0.00011472747328865848,-7.626107147966482e-05,0.001454208178556708,0.0014401850688883396,0.0013769594750657399,0.0018470461711226761,0.0018286371081271348,0.0017815750043771211,0.0017890184812912378,0.0017686481663600044,0.0018568270059641078,0.001781057192971498,0.0017473073173444376,0.001826574835205634,0.0018492867759460534,0.0017299753334402413,0.0017957412213291308,0.0025603215028819483,0.0017834448786071275,0.0017544664518618362,0.001791034954565679,0.0017745266494410608,0.0017512298729173833,0.00012323676401566962,5.283970124309065e-05,0.00011502343803724913,0.00010988303338122779
Yellow-Centered Cabbage,-8.256251249339401e-05,-0.0001026161843093028,-9.05416068103548e-05,-8.258985929402076e-05,-6.851610762968539e-05,-9.493655080059127e-05,-6.217359456529571e-05,-9.667024213440863e-05,-9.710081760609662e-05,-9.190417507694683e-05,-0.00010323757527437992,-8.724429464160576e-05,-6.400665157624441e-05,-8.15572773857099e-05,-6.978973406176192e-05,-7.206986290784177e-05,0.0014156352576217912,0.001388553040836931,0.0013927889020110347,0.0017190263284982857,0.0017119276992877295,0.0016482878248659809,0.0016888254348999365,0.001696027378243478,0.0017364769424658476,0.0017487986203146484,0.0017035628448553136,0.001772391925348256,0.0017635734826862415,0.0017262804294141266,0.001735671852249568,0.0017834448786071275,0.0023761100502684,0.0016680010048737033,0.0017240782724712903,0.0017021829932623628,0.0016524135449768951,0.00021227122000242506,0.00018541205720023175,0.00018649050083814704,0.00020881595052628547
Celery,-0.00010317133795984649,-9.688126179801393e-05,-7.785228889424532e-05,-9.039413415881462e-05,-6.796367888537255e-05,-0.00012245765770934862,-7.650181953984254e-05,-0.00011022039163621852,-0.00011412028856084943,-9.972946505157137e-05,-0.0001060254490761851,-0.00011332743098555281,-0.00010367454537322999,-9.933354739833354e-05,-0.00012722147806791399,-7.415006807766739e-05,0.001422974968432649,0.0014019343594538526,0.001317934633539871,0.001755939400252954,0.0017679558726990579,0.0017111944247118038,0.0017550524620944701,0.0017470819870654551,0.0017475965806865868,0.0018046556539210458,0.0016960381287067022,0.0017908327400113116,0.0017516228152817117,0.001767450621035892,0.001752239079918583,0.0017544664518618362,0.0016680010048737033,0.0024399570461130942,0.001790505584080474,0.001712199962215612,0.0016764882697573706,0.00015248569942157909,0.00013247580607556286,0.00013864419842560236,0.00015407663980512273
Chinese Cabbage,-0.0001076946573408782,-0.00010249304029930032,-0.00011379590273555047,-0.00011910730214504864,-0.00011053046935686352,-9.925523303213726e-05,-9.046448612158664e-05,-0.00011529109623752104,-0.00010642194264948876,-0.00010754018919204242,-0.00010464579530862741,-0.0001133236339099587,-9.139625266036675e-05,-9.152842693431541e-05,-0.00011697344595080915,-7.365652381683293e-05,0.0014692916469738982,0.0014011498647557561,0.0014318376167946243,0.0017499936291783932,0.0017937293630266012,0.001777430934842684,0.001743315579206912,0.0017904314682160277,0.0017878826678093488,0.0017736457248708737,0.001720784747400106,0.0018302171975977223,0.0018481842073129401,0.0017852549972976267,0.0018131149976995918,0.001791034954565679,0.0017240782724712903,0.001790505584080474,0.0025503323989634202,0.0017886540313298196,0.0017456143097259033,0.00015008792124613954,8.14375193446137e-05,0.00010307412275266369,0.0001549729729346841
White Radish,-8.669674965043094e-05,-9.031820302728842e-05,-0.0001070608803332526,-8.132309029492484e-05,-6.641987326451952e-05,-8.507168142645881e-05,-6.382489403004512e-05,-9.28897554118594e-05,-6.892789402154661e-05,-9.166233291010847e-05,-9.734412356552555e-05,-6.0528506781633565e-05,-6.483814680654574e-05,-8.40897020943444e-05,-8.564310864325882e-05,-5.3259457202545455e-05,0.001429912178089942,0.0014404143444519905,0.0013456345788226522,0.0017675931661397977,0.0017773379025013518,0.0017829957444955315,0.001753515361939387,0.001729329720506193,0.001834168897619444,0.0017913779377547751,0.0017578286249004267,0.0017817502155121935,0.0017920340871123558,0.00173549360007116,0.0017661693033097922,0.0017745266494410608,0.0017021829932623628,0.001712199962215612,0.0017886540313298196,0.0025312963272884474,0.0017144512914982748,0.00020273610847218384,0.00015833594885004024,0.00021520903501579173,0.00022942137005176207
Red Radish,-0.00010604078207568451,-9.590843001816197e-05,-7.656690053556035e-05,-8.109771953570446e-05,-8.690426196197209e-05,-9.907807937823985e-05,-8.825329391539775e-05,-0.00010366132402790842,-0.00011177917781132667,-0.00011325937586817489,-7.626328124214544e-05,-0.00010501729329466538,-9.390898258837434e-05,-8.897510933071761e-05,-0.00011546991712417091,-8.589943533468774e-05,0.0014206666117139487,0.0013717126979824088,0.0013830275774417457,0.0016981423610042642,0.0017561903546529907,0.0017312806584042282,0.0016993575456513057,0.0017201057543892112,0.001791848196135474,0.0017516424850791378,0.0017234112852763661,0.0017770794954279513,0.0017062471630981222,0.0016904626751844526,0.0017489932513869162,0.0017512298729173833,0.0016524135449768951,0.0016764882697573706,0.0017456143097259033,0.0017144512914982748,0.0024136672504702886,0.00013190221811635588,0.00011709353758573435,0.00015147520459955608,0.00016234666398098188
Golden Oyster Mushroom,2.6442754306970816e-05,5.493110450593631e-05,2.000451722351483e-05,1.8240583461861885e-05,1.3792665321384648e-05,5.079018873284101e-05,5.547194708925439e-05,3.644436842357618e-05,2.922647081350305e-05,6.053494257813883e-05,5.971116126160778e-05,6.445105876937847e-05,6.435751455570766e-05,6.371140701265943e-05,4.880698763405407e-05,4.161205935805036e-05,9.046144423088748e-05,0.00014939005402034937,0.00012535708414955225,0.00016126298604144404,0.00017112672805925244,0.00013967690137821467,0.00015610075842839257,0.00011473435606236175,0.00021834203184561344,0.00018056387409127255,0.0001389193857790775,0.00014857167405690327,0.00016189001736812122,0.00020002335302773136,0.00013040743474044536,0.00012323676401566962,0.00021227122000242506,0.00015248569942157909,0.00015008792124613954,0.00020273610847218384,0.00013190221811635588,0.0016412303351308164,0.0011907853824514362,0.0011967842940988284,0.0014167090538165972
Shiitake Mushroom,3.632691495855755e-05,6.0576533161265765e-05,5.1491176081554494e-05,1.6913302466914256e-05,3.7903160542444206e-05,5.817527267506351e-05,7.321842017939131e-05,4.913541229103522e-05,5.8024332169447884e-05,7.378629310880722e-05,7.493345374498913e-05,7.54720109378963e-05,7.985680271840642e-05,7.586067742601174e-05,4.710031855647749e-05,5.5286382861237646e-05,6.996207969270298e-05,0.0001133876016048024,9.554691163615117e-05,0.00011901542267348555,7.519753225203782e-05,0.0001493020456115772,0.00015678017674786602,7.300993542925834e-05,0.00018912110699767165,0.00016133717125103945,0.0001168502711521506,0.0001659053464320672,0.00011854326527237715,0.00011252590920041389,0.00011432971950182122,5.283970124309065e-05,0.00018541205720023175,0.00013247580607556286,8.14375193446137e-05,0.00015833594885004024,0.00011709353758573435,0.0011907853824514362,0.0016981811551632863,0.001225865686979815,0.001447957202867295
White Mushroom,1.979704667604193e-05,4.575300280671667e-05,2.9199353668112848e-05,2.2406611030394537e-05,3.0329025298750413e-05,4.6812775771595954e-05,5.1191010798638586e-05,2.242728968598854e-05,2.799353108209579e-05,3.754509352657304e-05,5.744533223074322e-05,5.529187971533911e-05,5.5439564848855706e-05,5.128469536980355e-05,5.09704362116073e-05,5.907677031444755e-05,0.00012069834914198815,0.00016142118329907882,0.00011902547636412961,0.00015784993651190326,0.00011601299500968821,0.00013993644582268734,0.00018919836986510966,0.00010264980240081886,0.0002099788633825864,0.0001858324315159238,9.913530830704117e-05,0.00015742767730627454,0.00013572738202602367,0.00017054789533550748,0.00013007537347069418,0.00011502343803724913,0.00018649050083814704,0.00013864419842560236,0.00010307412275266369,0.00021520903501579173,0.00015147520459955608,0.0011967842940988284,0.001225865686979815,0.0016979409441696695,0.001449915173880477
Morel,2.5521026664691578e-05,3.432331349227879e-05,1.740273551543039e-05,-6.253090524755755e-07,-5.396641903200678e-06,9.978379627947098e-06,5.2822568755832595e-05,-7.461419204397805e-06,-3.07815693573161e-06,4.731393825915524e-05,3.072793281224068e-05,2.0211588995420796e-05,3.289212855070919e-05,2.8943979949846835e-05,1.854579026793782e-05,2.999184568490133e-05,0.00015425606410406052,0.00015739676993902242,0.0001123984359835285,0.00013857807656188505,0.00015903434505127174,0.0001653287464495613,0.00017541927547811805,0.00011606987426616078,0.0002660287592682647,0.0001487853540311278,0.00014874596695467073,0.0001791382862880299,0.00014825254330619146,0.00020178987207610346,0.00011005564260259729,0.00010988303338122779,0.00020881595052628547,0.00015407663980512273,0.0001549729729346841,0.00022942137005176207,0.00016234666398098188,0.0014167090538165972,0.001447957202867295,0.001449915173880477,0.0024701001126567397
